{"web":{"client_id":"942632179013-tbquctg6vd5v0pbpib0iorm2cq427uu5.apps.googleusercontent.com","project_id":"myproject-248919","auth_uri":"https://accounts.google.com/o/oauth2/auth","token_uri":"https://oauth2.googleapis.com/token","auth_provider_x509_cert_url":"https://www.googleapis.com/oauth2/v1/certs","redirect_uris":["http://3.220.12.16.cio.io","http://localhost:8000","http://localhost:8000/login","http://localhost:8000/gconnect"],"javascript_origins":["http://localhost:5000","http://localhost:8000","http://3.220.12.16","http://3.220.12.16:8000"]}}